"Record ID","Name","Deposit %","Deposit Structure","Realtor Commission","Realtor Incentive","Buyer Incentive","Assignment Policy","Strata Fee per SqFt.","Completion Date","Parking Allocation","Parking Stall Cost","Storage Allocation","Storage Locker Cost","Appliance Package","Appliance Sizing","Project pipeline"
"34276340050","Stirling Block","",""," 3.255 / 1.1625%","","","","","2027-12-01","","","","","","31"" refrigerator, 30"" over, 24"" DW","Nova | For Sale (Comp Projects)"
"14751019189","Ravir","0.1","$10k, 5% at firm, 5% after 60 days","3.225% / 1.1625%","None","Up to $70K off and free A/C","0%","0.47","2026-12-01","Included (Except Studios/Jr. 1-beds)","25000.0","Included for all units","0.0","LG","Studio & 1-bed 28"" and 33 for 2-bed+","Nova | For Sale (Comp Projects)"
"12894494279","Fraser Mills (Bldg 3: Chapter)","0.1","5% upon writing, 5% within 6 months of writing.","2%","None","None","2.5% for 3rd party, $2.5K for immediate family or whole owned company.","0.59","2028-06-01","Included for all homes","45000.0","Included for all units","5000.0","Porter & Charles","24"" in 1-bed homes, full size in 2-bed+ homes","Nova | For Sale (Comp Projects)"
"10645456689","Soenhaus","0.1","$10K at writing, 5% in 7 days, 5% Jan 30 2026","2% Flat","None","$7.5Kfor 1 Beds - Jr 2 Beds, $10K for 2 Beds, and $15K for 3 Beds","1% or $1.5K for a family assignment","0.61","2027-08-01","Included for most homes","35000.0","Included for all units; No additional storage","0.0","Fulgor","Jr 1 Bed / 1 Bed: 24"", 2 Bed+: 30""","Nova | For Sale (Comp Projects)"
"8925508680","Botanica","0.05","5% in 7 days","3%","Commission 100% advanced at firm sale","Up to 5% credit","$3K","0.55","2026-11-01","Included for all homes","","Included for all units","0.0","Bertazzoni; AEG; Panasonic; Grohe","Full Sized","Nova | For Sale (Comp Projects)"
"7003958868","Arcadia","0.1","5% in 7 days, 5% 90 days after","3.22% / 1.15%","None","5% deposit in 5 instalments for next 5 purchasers","$2,000 + GST","0.54","2027-03-01","Included for all homes","30000.0","Included for all units","10000.0","Fulgor; Kitchen Aid","TBD","Nova | For Sale (Comp Projects)"
"3951086879","Aavand","0.05","$5K at writing, 5% in 7 days","3.22% / 1.15%","None","Premium locker for certain units | 1 year strata for certain units","1.5%","0.46","2026-02-01","Included for all homes","35000.0","Included for all units","6000.0","Samsung","Full Sized","Nova | For Sale (Comp Projects)"
"3951183963","Skylark","0.1","5% at firm, 5% in 3 months","4.65% / 1.1625%","$10K","$40K decorating allowance or 1.99% 5 year mortgage helper","N/A","0.43","2025-09-01","Included for all homes","","Included for some units","","Fisher & Paykel; Panasonic; Kitchen Aid","Full sized","Nova | For Sale (Comp Projects)"
"3950773885","Bastille","0.15","10%, 5%","2% flat","None","Up to $100K off","N/A","0.45","2025-09-01","Included for all homes","25000.0","Included for all units","","Samsung; GE","Full Sized, 30"" gas range","Nova | For Sale (Comp Projects)"
